set,pins,det,d_moves
1,UR DR U L D R BS,1,3
2,UR DR U L D R FS,1,3
3,UR DR U L D dl BS,1,4
4,UR DR U L D dl FS,1,4
5,UR DR U L D ul BS,1,3
6,UR DR U L D ul FS,1,3
7,UR DR U L R ur BS,1,2
8,UR DR U L R ur FS,-1,2
9,UR DR U L R ul BS,1,2
10,UR DR U L R ul FS,1,2
11,UR DR U L dl ur BS,1,3
12,UR DR U L dl ur FS,-1,3
13,UR DR U L dl ul BS,1,3
14,UR DR U L dl ul FS,1,3
15,UR DR U L ur ul BS,1,2
16,UR DR U L ur ul FS,-1,2
17,UR DR L D R dl BS,1,3
18,UR DR L D R dl FS,1,3
19,UR DR L D R dr BS,-1,3
20,UR DR L D R dr FS,1,3
21,UR DR L D dl dr BS,-1,4
22,UR DR L D dl dr FS,1,4
23,UR DR L D dl ul BS,1,3
24,UR DR L D dl ul FS,1,3
25,UR DR L D dr ul BS,-1,3
26,UR DR L D dr ul FS,1,3
27,UR DR L R dl ur BS,1,2
28,UR DR L R dl ur FS,-1,2
29,UR DR L R dl ul BS,1,2
30,UR DR L R dl ul FS,1,2
31,UR DR L R dr ul BS,-1,2
32,UR DR L R dr ul FS,1,2
33,UR DL U L D ul BS,1,3
34,UR DL U L D ul FS,-1,3
35,UR DL U L R ul BS,-1,2
36,UR DL U L R ul FS,1,2
37,UR DL U L dl ul BS,-1,3
38,UR DL U L dl ul FS,1,3
39,UR DL U L ur ul BS,1,2
40,UR DL U L ur ul FS,-1,2
41,UR DL U D R dr BS,1,4
42,UR DL U D R dr FS,-1,4
43,UR DL U D dl dr BS,1,5
44,UR DL U D dl dr FS,-1,5
45,UR DL U D dr ul BS,3,4
46,UR DL U D dr ul FS,-1,4
47,UR DL U D ur ul BS,1,3
48,UR DL U D ur ul FS,-1,3
49,UR DL L D R dr BS,-1,3
50,UR DL L D R dr FS,1,3
51,UR DL L R dl ul BS,-1,2
52,UR DL L R dl ul FS,1,2
53,UR DL L R dr ur BS,-1,2
54,UR DL L R dr ur FS,1,2
55,UR DL L R dr ul BS,-3,2
56,UR DL L R dr ul FS,1,2
57,UR DL D R dl dr BS,1,4
58,UR DL D R dl dr FS,-1,4
59,UR DL D R dr ur BS,-1,3
60,UR DL D R dr ur FS,1,3
61,UR UL U L D R BS,-1,2
62,UR UL U L D R FS,-1,2
63,UR UL U L D dl BS,-1,3
64,UR UL U L D dl FS,-1,3
65,UR UL U L D ul BS,1,2
66,UR UL U L D ul FS,-1,2
67,UR UL U D R dr BS,-1,3
68,UR UL U D R dr FS,-1,3
69,UR UL U D R ur BS,-1,2
70,UR UL U D R ur FS,1,2
71,UR UL U D dl dr BS,-1,4
72,UR UL U D dl dr FS,-1,4
73,UR UL U D dl ur BS,-1,3
74,UR UL U D dl ur FS,1,3
75,UR UL U D dr ul BS,1,3
76,UR UL U D dr ul FS,-1,3
77,UR UL L D R dl BS,-1,2
78,UR UL L D R dl FS,-1,2
79,UR UL L D R dr BS,-1,2
80,UR UL L D R dr FS,-1,2
81,UR UL L D dl dr BS,-1,3
82,UR UL L D dl dr FS,-1,3
83,UR UL L D dl ul BS,1,2
84,UR UL L D dl ul FS,-1,2
85,UR UL L D dr ul BS,1,2
86,UR UL L D dr ul FS,-1,2
87,UR UL D R dl dr BS,-1,3
88,UR UL D R dl dr FS,-1,3
89,UR UL D R dl ur BS,-1,2
90,UR UL D R dl ur FS,1,2
91,UR UL D R dr ur BS,-1,2
92,UR UL D R dr ur FS,1,2
93,UR U L D R dr BS,-1,3
94,UR U L D R dr FS,-1,3
95,UR U L D R ul BS,1,2
96,UR U L D R ul FS,1,2
97,UR U L D dl dr BS,-1,4
98,UR U L D dl dr FS,-1,4
99,UR U L D dl ul BS,1,3
100,UR U L D dl ul FS,1,3
101,UR U L D dr ul BS,1,3
102,UR U L D dr ul FS,-1,3
103,UR U L D ur ul BS,1,2
104,UR U L D ur ul FS,-1,2
105,UR L D R dl dr BS,-1,3
106,UR L D R dl dr FS,-1,3
107,UR L D R dl ul BS,1,2
108,UR L D R dl ul FS,1,2
109,UR L D R dr ur BS,-1,2
110,UR L D R dr ur FS,1,2
111,UR L D R dr ul BS,-1,2
112,UR L D R dr ul FS,1,2
113,DR DL U L D R BS,-1,4
114,DR DL U L D R FS,-1,4
115,DR DL U L D dl BS,-1,5
116,DR DL U L D dl FS,1,5
117,DR DL U L D ul BS,-1,4
118,DR DL U L D ul FS,-1,4
119,DR DL U L R ur BS,-1,3
120,DR DL U L R ur FS,-1,3
121,DR DL U L R ul BS,-1,3
122,DR DL U L R ul FS,-1,3
123,DR DL U L dl ur BS,-1,4
124,DR DL U L dl ur FS,1,4
125,DR DL U L dl ul BS,-1,4
126,DR DL U L dl ul FS,1,4
127,DR DL U L ur ul BS,-1,3
128,DR DL U L ur ul FS,-1,3
129,DR DL U D R dr BS,1,5
130,DR DL U D R dr FS,-1,5
131,DR DL U D R ur BS,-1,4
132,DR DL U D R ur FS,-1,4
133,DR DL U D dl ur BS,-1,5
134,DR DL U D dl ur FS,1,5
135,DR DL U D dr ul BS,1,5
136,DR DL U D dr ul FS,-1,5
137,DR DL U D ur ul BS,-1,4
138,DR DL U D ur ul FS,-1,4
139,DR DL U R dr ur BS,1,4
140,DR DL U R dr ur FS,-1,4
141,DR DL U R dr ul BS,1,4
142,DR DL U R dr ul FS,-1,4
143,DR DL U R ur ul BS,-1,3
144,DR DL U R ur ul FS,-1,3
145,DR UL U L D dl BS,-1,4
146,DR UL U L D dl FS,1,4
147,DR UL U L R ur BS,1,2
148,DR UL U L R ur FS,-1,2
149,DR UL U D R ur BS,-1,3
150,DR UL U D R ur FS,1,3
151,DR UL U D dl dr BS,-1,5
152,DR UL U D dl dr FS,1,5
153,DR UL U D dl ur BS,-1,4
154,DR UL U D dl ur FS,3,4
155,DR UL U D ur ul BS,-1,3
156,DR UL U D ur ul FS,1,3
157,DR UL U R dr ur BS,1,3
158,DR UL U R dr ur FS,-1,3
159,DR UL U R ur ul BS,-1,2
160,DR UL U R ur ul FS,1,2
161,DR UL L D R dl BS,1,3
162,DR UL L D R dl FS,-1,3
163,DR UL L D dl dr BS,-1,4
164,DR UL L D dl dr FS,1,4
165,DR UL L D dl ul BS,1,3
166,DR UL L D dl ul FS,-1,3
167,DR UL L R dl ur BS,1,2
168,DR UL L R dl ur FS,-3,2
169,DR UL L R dl ul BS,1,2
170,DR UL L R dl ul FS,-1,2
171,DR UL L R dr ur BS,1,2
172,DR UL L R dr ur FS,-1,2
173,DR U L D R dl BS,1,4
174,DR U L D R dl FS,1,4
175,DR U L D R ur BS,-1,3
176,DR U L D R ur FS,-1,3
177,DR U L D dl dr BS,-1,5
178,DR U L D dl dr FS,1,5
179,DR U L D dl ur BS,-1,4
180,DR U L D dl ur FS,1,4
181,DR U L D dl ul BS,1,4
182,DR U L D dl ul FS,1,4
183,DR U L D ur ul BS,-1,3
184,DR U L D ur ul FS,-1,3
185,DR U L R dl ur BS,1,3
186,DR U L R dl ur FS,-1,3
187,DR U L R dl ul BS,1,3
188,DR U L R dl ul FS,1,3
189,DR U L R dr ur BS,1,3
190,DR U L R dr ur FS,-1,3
191,DR U L R ur ul BS,-1,2
192,DR U L R ur ul FS,-1,2
193,DL UL U L D R BS,1,3
194,DL UL U L D R FS,1,3
195,DL UL U L R ur BS,1,2
196,DL UL U L R ur FS,1,2
197,DL UL U L R ul BS,-1,2
198,DL UL U L R ul FS,1,2
199,DL UL U D R dr BS,1,4
200,DL UL U D R dr FS,1,4
201,DL UL U D R ur BS,1,3
202,DL UL U D R ur FS,1,3
203,DL UL U R dr ur BS,1,3
204,DL UL U R dr ur FS,1,3
205,DL UL U R dr ul BS,-1,3
206,DL UL U R dr ul FS,1,3
207,DL UL U R ur ul BS,-1,2
208,DL UL U R ur ul FS,1,2
209,DL UL L D R dl BS,1,3
210,DL UL L D R dl FS,-1,3
211,DL UL L D R dr BS,1,3
212,DL UL L D R dr FS,1,3
213,DL UL L R dl ur BS,1,2
214,DL UL L R dl ur FS,-1,2
215,DL UL L R dr ur BS,1,2
216,DL UL L R dr ur FS,1,2
217,DL UL L R dr ul BS,-1,2
218,DL UL L R dr ul FS,1,2
219,DL UL D R dl dr BS,1,4
220,DL UL D R dl dr FS,-1,4
221,DL UL D R dl ur BS,1,3
222,DL UL D R dl ur FS,-1,3
223,DL UL D R dr ur BS,1,3
224,DL UL D R dr ur FS,1,3
225,DL U L D R dr BS,1,4
226,DL U L D R dr FS,1,4
227,DL U L D R ul BS,-1,3
228,DL U L D R ul FS,-1,3
229,DL U L R dl ul BS,-1,3
230,DL U L R dl ul FS,1,3
231,DL U L R dr ur BS,1,3
232,DL U L R dr ur FS,1,3
233,DL U L R dr ul BS,-1,3
234,DL U L R dr ul FS,1,3
235,DL U L R ur ul BS,-1,2
236,DL U L R ur ul FS,-1,2
237,DL U D R dl dr BS,1,5
238,DL U D R dl dr FS,-1,5
239,DL U D R dr ur BS,1,4
240,DL U D R dr ur FS,1,4
241,DL U D R dr ul BS,1,4
242,DL U D R dr ul FS,-1,4
243,DL U D R ur ul BS,-1,3
244,DL U D R ur ul FS,-1,3
245,UL U L D R dl BS,-1,3
246,UL U L D R dl FS,-1,3
247,UL U L D R ur BS,1,2
248,UL U L D R ur FS,1,2
249,UL U D R dl dr BS,-1,4
250,UL U D R dl dr FS,-1,4
251,UL U D R dl ur BS,-1,3
252,UL U D R dl ur FS,1,3
253,UL U D R dr ur BS,1,3
254,UL U D R dr ur FS,1,3
255,UL U D R ur ul BS,-1,2
256,UL U D R ur ul FS,1,2
257,UL L D R dl dr BS,-1,3
258,UL L D R dl dr FS,-1,3
259,UL L D R dl ur BS,1,2
260,UL L D R dl ur FS,-1,2
261,UL L D R dl ul BS,1,2
262,UL L D R dl ul FS,-1,2
263,UL L D R dr ur BS,1,2
264,UL L D R dr ur FS,1,2
265,U L D R dl dr BS,-1,4
266,U L D R dl dr FS,-1,4
267,U L D R dl ul BS,1,3
268,U L D R dl ul FS,1,3
269,U L D R dr ur BS,1,3
270,U L D R dr ur FS,1,3
271,U L D R ur ul BS,-1,2
272,U L D R ur ul FS,-1,2
